id;title;content;created_at;jhi_read
1;papa;../fake-data/blob/hipster.txt;2025-08-24T12:11:20;false
2;多么 鲁莽 吮;../fake-data/blob/hipster.txt;2025-08-24T17:42:02;true
3;among pfft;../fake-data/blob/hipster.txt;2025-08-24T14:51:28;true
4;what through;../fake-data/blob/hipster.txt;2025-08-25T02:56:33;true
5;笔直;../fake-data/blob/hipster.txt;2025-08-24T11:06:11;false
6;yahoo;../fake-data/blob/hipster.txt;2025-08-24T16:01:09;true
7;lest;../fake-data/blob/hipster.txt;2025-08-25T03:19:24;true
8;recommendation;../fake-data/blob/hipster.txt;2025-08-24T12:53:39;true
9;hence;../fake-data/blob/hipster.txt;2025-08-24T23:45:55;true
10;while 弹 pfft;../fake-data/blob/hipster.txt;2025-08-24T19:04:45;true
